domain,bl,dp,aby,acr,dmoz,status_com,status_net,status_org,status_de,status_tld_registered,related_cnobi,end_date
856SunBet.com,0,573.2 K,2018,240,-,registered,available,available,available,1,0,2023-12-09
500gvb.com,0,531.6 K,2018,197,-,registered,available,available,available,1,0,2023-12-09
4455770.com,0,17.8 K,2016,6,-,registered,available,available,available,1,0,2023-12-09
4455535.com,0,17.7 K,2019,7,-,registered,available,available,available,1,1,2023-12-09
4455220.com,0,17.6 K,2016,10,-,registered,available,available,available,1,2,2023-12-09
smskl.org.cn,1,9.7 K,2020,16,-,registered,available,registered,available,3,11,2023-12-09
hsbo.com.cn,0,8.7 K,2006,54,-,registered,registered,registered,registered,21,194,2023-12-09
xlgfloor.com,0,8.7 K,2020,9,-,registered,available,available,available,2,0,2023-12-09
longcenet.com,0,8.6 K,2011,3,-,registered,available,available,available,1,0,2023-12-09
ut8f.info,0,8.3 K,2011,56,-,registered,available,available,available,3,3,2023-12-09
nx0m.cn,0,2.8 K,2019,4,-,available,available,available,available,0,1,2023-12-09
h5dm.cn,0,2.8 K,2019,17,-,registered,available,registered,available,3,5,2023-12-09
a38va.cn,0,2.8 K,2019,18,-,available,available,available,available,0,1,2023-12-09
tadalafil24h.us,20.5 K,2.2 K,2021,26,-,available,available,available,available,2,0,2023-12-09
cialis23.us,18.5 K,2.2 K,2021,22,-,available,available,available,available,0,0,2023-12-09
petsrehomed.co.uk,18.7 K,1.8 K,2014,69,-,available,available,available,available,0,0,2023-12-09
DevEnderPalSingh.com,0,1.4 K,2012,37,-,registered,available,available,available,1,0,2023-12-09
MerchantAccountQuoter.com,0,1.4 K,2004,46,-,registered,available,available,available,1,0,2023-12-09
MovinOnEscorts.com,0,1.4 K,2013,25,-,registered,available,available,available,1,0,2023-12-09
encuentroscalientes.com,0,1.4 K,2008,38,-,registered,available,available,available,2,0,2023-12-09
dimensione-legno.com,0,1.4 K,2002,45,-,registered,registered,available,available,4,2,2023-12-09
dcmrktng.com,0,1.4 K,2007,51,-,registered,available,available,available,1,0,2023-12-09
4HourWealth.com,0,1.4 K,2012,31,-,registered,available,available,available,1,1,2023-12-09
jfstevens.com,10,1.4 K,2010,28,-,registered,registered,available,available,2,2,2023-12-09
CallCenter-Tech.com,0,1.4 K,2011,18,-,registered,available,available,available,1,0,2023-12-09
mestregiardinaggio.com,1,1.4 K,2012,37,-,registered,available,available,available,1,0,2023-12-09
MomFilmsTube.com,14,1.4 K,2012,187,-,registered,available,available,available,1,0,2023-12-09
economischnieuws.com,0,1.4 K,2004,20,-,registered,registered,available,available,3,2,2023-12-09
learzillevecchiette.com,3,1.4 K,2014,28,-,registered,available,available,available,1,0,2023-12-09
JamesWattDock.com,0,1.4 K,2006,24,-,registered,available,available,available,1,1,2023-12-09
Dama-Shop.com,0,1.4 K,2006,38,-,registered,available,available,available,3,3,2023-12-09
assosteria.com,4,1.4 K,2009,34,-,registered,available,available,available,1,0,2023-12-09
domwebr.com,0,1.4 K,2011,28,-,registered,available,available,available,1,0,2023-12-09
DenverStopSmoking.com,0,1.4 K,2011,19,-,registered,available,available,available,1,1,2023-12-09
giadadipelle.com,0,1.4 K,2012,63,-,registered,available,available,available,1,0,2023-12-09
skirm-magazine.com,14,1.4 K,2013,38,-,registered,available,available,available,1,0,2023-12-09
danielhanifan.com,12,1.4 K,2011,44,-,registered,available,available,available,1,0,2023-12-09
engagementringsi.com,0,1.4 K,2007,28,-,registered,available,available,available,1,10,2023-12-09
AuntiesMusiClub.com,82,1.4 K,2011,22,-,registered,available,available,available,1,0,2023-12-09
dcprototypes.com,0,1.4 K,2011,23,-,registered,available,available,available,1,0,2023-12-09
Counting-Solutions.com,9,1.4 K,2001,67,-,registered,available,available,available,1,28,2023-12-09
ElanUnciAnte.com,0,1.4 K,2004,41,-,registered,available,available,available,2,4,2023-12-09
JenniferRoseBrook.com,0,1.4 K,2009,66,-,registered,available,available,available,1,0,2023-12-09
Fish-Photos.com,0,1.4 K,2004,25,-,registered,available,available,available,1,0,2023-12-09
Faithful-Productions.com,0,1.4 K,2013,20,-,registered,available,available,available,1,0,2023-12-09
bearstateinc.com,1,1.4 K,2011,20,-,registered,available,available,available,1,0,2023-12-09
miatacup.com,0,1.4 K,2003,31,-,registered,available,available,available,2,2,2023-12-09
esports-connection.com,0,1.4 K,2011,25,-,registered,registered,available,available,2,2,2023-12-09
beknazarov.com,0,1.4 K,2011,16,-,registered,available,available,available,2,3,2023-12-09
destefano-assoc.com,1,1.4 K,2005,23,-,registered,available,available,available,1,2,2023-12-09
CompleteMedicalManagement.com,0,1.4 K,2008,19,-,registered,available,available,available,1,0,2023-12-09
IsraelTerritory.com,0,1.4 K,2011,27,-,registered,available,available,available,1,0,2023-12-09
GiveItToUs.com,0,1.4 K,2002,43,-,registered,available,available,available,1,0,2023-12-09
CulebraInfo.com,2,1.4 K,2004,38,-,registered,available,available,available,1,0,2023-12-09
MedTranscriptionSchools.com,0,1.4 K,2010,31,-,registered,available,available,available,1,0,2023-12-09
inthanonresort.com,10,1.4 K,2005,40,-,registered,available,available,available,1,1,2023-12-09
DepressedButtons.com,22,1.4 K,2009,46,-,registered,available,available,available,1,0,2023-12-09
hostalcentralzaragoza.com,0,1.4 K,2013,26,-,registered,available,available,available,2,0,2023-12-09
lorenacirsteaphotography.com,2,1.4 K,2012,48,-,registered,available,available,available,1,0,2023-12-09
KateAndElle.com,0,1.4 K,2010,15,-,registered,available,available,available,1,1,2023-12-09
ElizabethRossHomes.com,0,1.4 K,2004,36,-,registered,available,available,available,1,0,2023-12-09
bsdmembers.com,0,1.4 K,2009,21,-,registered,available,available,available,1,0,2023-12-09
cpforyou.com,28,1.4 K,2001,64,-,registered,available,available,available,1,5,2023-12-09
gandlbigandtallclothing.com,0,1.4 K,2004,143,-,registered,available,available,available,1,0,2023-12-09
durchdielinse.com,19,1.4 K,2004,56,-,registered,registered,available,registered,5,2,2023-12-09
CrossFitWorcestershire.com,4,1.4 K,2011,53,-,registered,available,available,available,1,0,2023-12-09
eequipments.com,0,1.4 K,2001,23,-,registered,available,available,available,1,249,2023-12-09
bwcontractingelite.com,0,1.4 K,2011,20,-,registered,available,available,available,1,0,2023-12-09
BigelowDesigns.com,0,1.4 K,2005,26,-,registered,available,available,available,1,0,2023-12-09
eset325.com,0,1.4 K,2009,57,-,registered,available,available,available,1,0,2023-12-09
dziconsulting.com,0,1.4 K,2011,22,-,registered,available,available,available,1,4,2023-12-09
intemporel-benjarong.com,0,1.4 K,2012,20,-,registered,available,available,available,1,0,2023-12-09
DawsonNeighborhood.com,2,1.4 K,2003,79,-,registered,available,registered,available,2,3,2023-12-09
JordanMeSavage.com,0,1.4 K,2006,45,-,registered,available,available,available,1,0,2023-12-09
CannonDale-Berlin.com,0,1.4 K,2008,47,-,registered,available,available,available,1,0,2023-12-09
accomavillahikkaduwa.com,7,1.4 K,2012,35,-,registered,available,available,available,1,0,2023-12-09
ErgonActive.com,2,1.4 K,2009,39,-,registered,available,available,available,2,0,2023-12-09
freeinternationalsms.com,0,1.4 K,2003,26,-,registered,available,available,available,2,0,2023-12-09
doankhanh.com,0,1.4 K,2007,86,-,registered,available,available,available,1,1,2023-12-09
BroadwaterPrinting.com,0,1.4 K,2004,37,-,registered,available,available,available,1,0,2023-12-09
LucyGoodwin.com,0,1.4 K,2013,18,-,registered,available,available,available,1,0,2023-12-09
accessyourhsphere.com,0,1.4 K,2011,33,-,registered,available,available,available,1,0,2023-12-09
Columbus-SeniorCare.com,0,1.4 K,2013,28,-,registered,available,available,available,1,0,2023-12-09
MercEria-Online.com,1,1.4 K,2007,37,-,registered,available,available,available,2,0,2023-12-09
CumberLandbook.com,0,1.4 K,2011,21,-,registered,available,available,available,1,3,2023-12-09
FlaviaMelas.com,0,1.4 K,2014,35,-,registered,available,available,available,1,0,2023-12-09
johanneetlucie.com,0,1.4 K,2013,30,-,registered,available,available,available,1,0,2023-12-09
buscosillas.com,0,1.4 K,2011,29,-,registered,available,available,available,1,0,2023-12-09
KevinFogarty.com,0,1.4 K,2004,22,-,registered,available,available,available,1,1,2023-12-09
elinta-motors.com,0,1.4 K,2013,28,-,registered,available,available,available,1,0,2023-12-09
123djchris.com,0,1.4 K,2013,28,-,registered,available,available,available,1,0,2023-12-09
fredbridgland.com,8,1.4 K,2013,23,-,registered,available,available,available,2,0,2023-12-09
EastCoastContractorSinc.com,1,1.4 K,2009,34,-,registered,available,available,available,1,0,2023-12-09
Easy2BuyVillas.com,0,1.4 K,2008,47,-,registered,available,available,available,1,0,2023-12-09
cdmdesoisy.com,1,1.4 K,2007,44,-,registered,available,available,available,1,0,2023-12-09
KingfisherAdventureRetreat.com,57,1.4 K,2014,42,-,registered,available,available,available,1,0,2023-12-09
BlackAndWhiteBeddingReview.com,0,1.4 K,2013,28,-,registered,available,available,available,1,0,2023-12-09
EngelManRiggs.com,19,1.4 K,2008,38,-,registered,available,available,available,1,0,2023-12-09
LorenaBuysHouses.com,0,1.4 K,2010,34,-,registered,available,available,available,1,0,2023-12-09
blueskiez.com,0,1.4 K,2001,39,-,registered,available,available,available,2,1,2023-12-09
fredsdiscount.com,5,1.4 K,2004,58,-,registered,available,available,available,1,3,2023-12-09
AutoSalesCentre.com,0,1.4 K,2005,54,-,registered,available,available,available,1,0,2023-12-09
ConnOrForestProducts.com,0,1.4 K,2013,17,-,registered,available,available,available,1,0,2023-12-09
CurtisTheater.com,1,1.4 K,2003,62,-,registered,available,available,available,1,0,2023-12-09
davidcstanley.com,8,1.4 K,2007,43,-,registered,available,available,available,1,0,2023-12-09
CrossFitBornAgain.com,6,1.3 K,2012,60,-,registered,available,available,available,1,0,2023-12-09
clariononizedfcu.com,0,1.3 K,2001,45,-,registered,available,available,available,1,0,2023-12-09
MesseFulda.com,0,1.3 K,2004,25,-,registered,available,available,registered,2,0,2023-12-09
BrownToyota.com,0,1.3 K,2010,26,-,registered,available,available,available,1,5,2023-12-09
AdvanceSinPractice.com,0,1.3 K,2011,25,-,registered,available,available,available,1,0,2023-12-09
dinamoegitim.com,4,1.3 K,2006,27,-,registered,available,available,available,1,0,2023-12-09
GrabYourDick.com,0,1.3 K,1999,41,-,registered,available,available,available,1,1,2023-12-09
bestcialis20mg.com,876.9 K,1.3 K,2022,67,-,registered,available,available,available,2,0,2023-12-09
RideForPeace-Bikers.com,4,1.2 K,2007,37,-,registered,available,available,available,1,0,2023-12-09
strongcila.com,68.3 K,1.2 K,2021,35,-,registered,available,available,available,1,0,2023-12-09
cicpills.com,69.4 K,1.1 K,2021,32,-,registered,available,available,available,1,0,2023-12-09
ivercitin.com,61.7 K,1.1 K,2021,32,-,registered,available,available,available,1,0,2023-12-09
123HelpMe.biz,2.6 K,1.1 K,2013,29,-,registered,registered,registered,available,6,8,2023-12-09
edstrongpl.com,59.0 K,1.0 K,2021,29,-,registered,available,available,available,1,0,2023-12-09
FleetProSeminars.com,2,1.0 K,2000,56,-,registered,available,available,available,1,0,2023-12-09
pistagritchamber.com,0,995,2003,54,-,registered,available,available,available,1,0,2023-12-09
OnlinePharmacySeven.com,22.9 K,929,2021,33,-,registered,available,available,available,2,0,2023-12-09
opivermectin.com,9.9 K,923,2021,19,-,registered,available,available,available,2,2,2023-12-09
FellTeens.info,39.6 K,915,2018,55,-,available,available,available,available,1,0,2023-12-09
ivermectinstr.online,42.5 K,837,2021,72,-,registered,available,available,available,2,6,2023-12-09
cialisbng.com,12.4 K,812,2020,59,-,registered,available,available,available,1,0,2023-12-09
544588a.com,15,723,2020,23,-,registered,available,available,available,1,0,2023-12-09
tsebhatu.com,25.0 K,712,2018,21,-,registered,available,available,available,1,1,2023-12-09
kj137a.com,5,711,2021,10,-,registered,available,available,available,1,0,2023-12-09
78345c.com,12,686,2020,21,-,available,available,available,available,1,3,2023-12-09
buyccialis.com,15.4 K,678,2018,32,-,registered,available,available,available,1,0,2023-12-09
oboteen.com,19.9 K,648,2021,16,-,registered,available,available,available,1,6,2023-12-09
ComActivate.uk,35,628,2019,25,-,registered,available,registered,available,6,92,2023-12-09
LocksmithCharleston.us,358,626,2014,24,-,registered,registered,registered,available,3,21,2023-12-09
avofilm.it,105,617,1998,157,-,registered,available,available,registered,3,8,2023-12-09
loansoloie.com,86.4 K,613,2018,66,-,registered,available,available,available,1,0,2023-12-09
branchen-dir.at,53,613,2004,36,-,available,available,available,available,1,0,2023-12-09
BeautyFarmHotel.at,24,612,2002,69,-,registered,available,available,registered,4,4,2023-12-09
danielecossu.com,75,612,2002,99,-,registered,available,registered,available,3,2,2023-12-09
DoRamBra.com,193,610,1998,129,-,registered,available,available,available,1,0,2023-12-09
AiAtMonteRosaWalser.it,65,589,2001,221,-,available,available,available,available,1,0,2023-12-09
cifa-snc.com,3,587,1999,78,-,registered,available,available,available,1,0,2023-12-09
stufeapellets.com,7,587,2001,155,-,registered,available,available,available,2,1,2023-12-09
incontri-gratis.it,8,585,2003,30,-,registered,available,registered,available,3,4,2023-12-09
appartamenti-affitto.com,2,583,2004,76,-,registered,available,available,available,2,1,2023-12-09
casain-versilia.it,180,580,2004,35,-,available,available,available,available,1,0,2023-12-09
separati.net,18,575,2003,110,-,registered,registered,registered,available,7,536,2023-12-09
EuroFireConference.com,531,569,2010,52,-,registered,available,available,available,1,0,2023-12-09
ShopsBusinesses.xyz,618,567,2021,6,-,available,available,available,available,0,0,2023-12-09
compraventagirona.com,2.6 K,567,2018,61,-,registered,available,available,available,1,0,2023-12-09
realciapll.com,51.6 K,555,2021,42,-,registered,available,available,available,1,0,2023-12-09
Linzer-City-Ring.at,2,550,2001,70,-,available,available,available,available,1,0,2023-12-09
vinfobiz.com,7,549,2001,205,-,registered,available,available,available,1,0,2023-12-09
TrueReligionOutlet.org.uk,57.6 K,541,2012,75,-,registered,registered,registered,available,8,10,2023-12-09
GamesBuff.com,1.8 K,536,2011,26,-,registered,available,available,available,1,3,2023-12-09
TadalafilGenericOnline.com,7.9 K,529,2021,25,-,registered,available,available,available,2,0,2023-12-09
DiclofenacDuo.com,6.8 K,525,2020,40,-,registered,available,available,available,1,0,2023-12-09
web-fouine.com,8.1 K,519,2005,289,-,registered,available,available,available,1,0,2023-12-09
chirurgie-baden.at,8,517,2001,28,-,available,available,available,available,2,0,2023-12-09
dr-bachmann.at,10,516,2003,31,-,registered,available,available,registered,5,4,2023-12-09
kirchenwirt-reith.at,7,514,2001,113,-,available,available,available,available,1,0,2023-12-09
lsm99.red,463,513,2020,32,-,registered,registered,registered,available,134,329,2023-12-09
pv-tirol.at,915,513,1999,93,-,available,available,available,available,1,1,2023-12-09
Excalibur-Club.at,9,511,2001,80,-,available,available,available,available,1,0,2023-12-09
mikilele.at,4,510,2001,46,-,available,available,available,available,1,0,2023-12-09
ohgodanethlargementpill-r2.com,11.6 K,508,2021,16,-,registered,available,available,available,1,0,2023-12-09
Ordination-ReisInger.at,7,508,2003,51,-,available,available,available,available,1,0,2023-12-09
AndAgio.at,28,507,2003,32,-,registered,available,available,available,3,16,2023-12-09
deimlhof.at,17,507,2004,41,-,registered,available,available,available,2,2,2023-12-09
thermentaxi.at,3,506,2004,15,-,available,available,available,available,1,0,2023-12-09
meine-schweiz.at,6,505,2003,41,-,registered,available,available,registered,6,3,2023-12-09
FirearmSandGuns.com,315.9 K,500,2004,79,-,registered,available,available,available,1,1,2023-12-09
allergietage.at,9,499,2001,68,-,available,available,available,registered,2,0,2023-12-09
drtrost.at,3,498,2001,81,-,registered,registered,available,registered,5,5,2023-12-09
marcasitesas.com,2,498,2001,194,-,registered,available,available,available,1,0,2023-12-09
ThisVirtualRealm.com,4,495,2012,22,-,registered,available,available,available,1,0,2023-12-09
nflshop.com.co,317.0 K,494,2021,12,-,registered,registered,registered,registered,43,166,2023-12-09
SildenafilOral.com,8.8 K,492,2021,27,-,registered,available,available,available,2,0,2023-12-09
CheapJerseysFromChinaWholesale...com.co,317.6 K,487,2021,16,-,registered,available,available,available,2,2,2023-12-09
tadalafiletab.com,7.5 K,486,2021,25,-,registered,available,available,available,2,2,2023-12-09
VeniceWebGallery.com,26,482,2001,229,-,registered,available,available,available,1,0,2023-12-09
lokalinserate.at,18,474,2004,83,-,registered,registered,available,registered,4,4,2023-12-09
gta5money.site,447,448,2018,99,-,registered,available,available,available,8,12,2023-12-09
doctraff.info,11.4 K,446,2015,28,-,registered,available,available,available,3,3,2023-12-09
HighHurstWoodHall.com,58,436,2013,23,-,registered,available,available,available,1,0,2023-12-09
coronawiki.at,2.2 K,432,2021,5,-,registered,registered,registered,registered,8,6,2023-12-09
Social-Bookmark.in,2.1 K,422,2011,280,-,registered,registered,registered,available,5,19,2023-12-09
Milk69.site,69.3 K,418,2021,30,-,registered,available,available,available,3,2,2023-12-09
ulookwebdesign.com,2.0 K,415,2019,33,-,registered,available,available,available,1,0,2023-12-09
Pussy-Movies.site,65.1 K,413,2021,27,-,registered,available,available,available,2,2,2023-12-09
silverwarehq.com,1.3 K,412,2020,38,-,registered,available,available,available,1,0,2023-12-09
GunmaKorea.com,661,409,2018,15,-,registered,available,available,available,1,0,2023-12-09
mkiska.site,30.1 K,402,2021,7,-,registered,registered,available,available,8,6,2023-12-09
3raqtop.com,833,402,2006,129,-,registered,available,available,available,1,0,2023-12-09
topgunmaverickkmovie.com,6.9 K,399,2022,11,-,registered,available,available,available,1,0,2023-12-09
KentBanners.com,5,392,2010,17,-,registered,available,available,available,2,0,2023-12-09
africa-eu-partnership.org,23.3 K,387,2008,347,-,available,available,registered,available,1,0,2023-12-09
ciaoffers.com,295,381,2020,16,-,registered,available,available,available,1,1,2023-12-09
l2might.com,161.3 K,377,2013,82,-,registered,registered,available,available,4,2,2023-12-09
SteroidsForSaleOnline.com,1.6 K,375,2013,27,-,registered,available,available,available,1,0,2023-12-09
cheapnfljerseysstorechina.com,15.7 K,371,2016,88,-,registered,available,available,available,1,0,2023-12-09
AceOfWeb.com,175,368,2001,92,-,registered,available,available,available,1,1,2023-12-09
AdWordsCloaking.com,22,351,2013,10,-,registered,available,available,available,1,0,2023-12-09
tintuccuocsong247.net,180,347,2019,26,-,registered,registered,available,available,2,2,2023-12-09
arkeoata.com,199,345,2018,12,-,registered,available,available,available,1,0,2023-12-09
BabeVideo.co.uk,6.3 K,345,2008,1250,-,registered,available,available,available,5,7,2023-12-09
holaotaola.store,1.8 K,338,2021,15,-,registered,available,available,available,2,2,2023-12-09
ukwebroot.com,1.4 K,334,2019,45,-,registered,available,available,available,1,0,2023-12-09
viagapharmaked.com,22.7 K,334,2017,151,-,registered,available,available,available,1,0,2023-12-09
dicionariodoaurelio.com,6.6 K,334,2008,565,-,registered,available,available,available,1,0,2023-12-09
guccioutlet--online.com,37.8 K,329,2012,184,-,registered,available,available,available,1,0,2023-12-09
tadagatadalafil.com,4.0 K,325,2021,31,-,registered,available,available,available,1,0,2023-12-09
pornoizletr.biz,529,323,2012,54,-,registered,registered,available,available,3,2,2023-12-09
e-travelpromos.com,139,322,2005,133,-,registered,available,available,available,1,0,2023-12-09
ShanghaiCowboys.com,1,310,2001,94,-,registered,available,available,available,1,0,2023-12-09
InfectiousPublicity.com,0,310,2002,66,-,registered,available,available,available,1,0,2023-12-09
doushin-kaikan.com,3,309,2007,50,-,registered,available,available,available,1,0,2023-12-09
wholesaleauthenticjerseysnba.com,14.0 K,308,2018,21,-,registered,available,available,available,1,0,2023-12-09
svtodaysspecial.com,568,308,2005,38,-,registered,available,available,available,1,0,2023-12-09
eeemo.net,2.3 K,306,2009,1099,-,registered,registered,registered,available,5,41,2023-12-09
UnderTheTableStore.com,0,306,2007,45,-,registered,available,available,available,1,0,2023-12-09
urbancajarural.com,17,305,2011,71,-,registered,available,available,available,1,0,2023-12-09
leader-khamenei.com,2.5 K,305,2010,425,-,registered,available,available,available,1,0,2023-12-09
wslriyadh.com,0,304,2010,26,-,registered,available,available,available,1,1,2023-12-09
TheBelmontCondos.com,0,303,2007,26,-,available,available,available,available,1,0,2023-12-09
sohbetxl.com,4,302,2008,28,-,registered,available,available,available,1,0,2023-12-09
LegitTrix.com,1,302,2003,36,-,registered,available,available,available,1,0,2023-12-09
NextArticles.com,954,302,2006,346,-,registered,available,available,available,1,0,2023-12-09
renulakshmibiofuels.com,4,301,2006,40,-,registered,available,available,available,1,0,2023-12-09
hinseminars.net,335.8 K,300,2010,35,-,registered,registered,available,available,3,4,2023-12-09
bl8ordieblog.com,0,299,2017,34,-,registered,available,available,available,1,0,2023-12-09
ShaneWestParadise.com,0,298,2004,71,-,registered,available,available,available,1,0,2023-12-09
Creatures-Comfort.com,2,296,2001,36,-,registered,available,available,available,1,0,2023-12-09
ekranka.tv,1.2 K,294,2009,442,-,registered,available,registered,available,13,18,2023-12-09
naturalnsweet.com,0,293,2010,33,-,registered,available,available,available,1,0,2023-12-09
Moto-Control.com,0,292,2011,94,-,registered,available,available,available,4,18,2023-12-09
Prada-CrossBody-Bag.us,13.4 K,291,2015,77,-,available,available,available,available,0,0,2023-12-09
mo-mo.biz,513,290,2002,183,-,registered,registered,registered,registered,43,98,2023-12-09
floridaryugaku.com,0,285,2013,12,-,registered,available,available,available,1,0,2023-12-09
intouch24.biz,515,285,2013,290,-,registered,registered,available,registered,6,7,2023-12-09
wertyzreport.com,4.9 K,285,2011,195,-,registered,available,available,available,1,0,2023-12-09
Gratis-Community.at,1.7 K,282,2010,109,-,available,available,available,registered,2,0,2023-12-09
Izmir-Escort-Bayan.com,1.9 K,280,2012,74,-,registered,available,available,available,1,0,2023-12-09
pezeshki.net,579,279,2004,437,-,registered,registered,registered,registered,12,122,2023-12-09
Schloss-FrauenMark.de,624,279,2001,257,Yes,registered,available,available,registered,2,2,2023-12-09
rbmail.biz,520,278,2012,40,-,registered,registered,available,registered,19,69,2023-12-09
pecadooriginal.biz,617,278,2010,112,-,registered,available,available,available,5,3,2023-12-09
brtechnoservices.com,21.4 K,276,2021,8,-,registered,available,available,available,1,0,2023-12-09
LichPhatSong.biz,512,276,2011,146,-,registered,registered,registered,available,6,10,2023-12-09
85Flash.com,1.9 K,276,2003,425,-,registered,available,available,available,1,0,2023-12-09
forka.us,5.5 K,275,2007,41,-,registered,registered,registered,registered,18,723,2023-12-09
mykaspersky.co.uk,7.7 K,272,2016,18,-,registered,registered,registered,registered,0,7,2023-12-09
AshleySuzanne.com,3.2 K,271,2011,260,-,registered,available,available,available,1,2,2023-12-09
CashWorld.biz,529,270,2002,254,-,registered,registered,registered,registered,38,61,2023-12-09
Start-Business-Today.com,600,268,2004,294,-,registered,available,available,available,1,0,2023-12-09
NursingAngel.com.au,1.2 K,266,2007,353,-,registered,available,available,available,4,10,2023-12-09
locnetic.com,124,264,2021,27,-,registered,available,available,available,1,0,2023-12-09
mackozer.pl,2.7 K,264,2007,615,Yes,registered,available,available,available,2,2,2023-12-09
MonsterHighGames.us,3.2 K,262,2013,56,-,registered,registered,available,available,2,3,2023-12-09
WebRootCom.com,1.3 K,258,2014,30,-,registered,available,available,available,1,12,2023-12-09
naturalwoodgb.pl,413,257,2021,14,-,available,available,available,available,1,0,2023-12-09
Next-Console.it,948,256,2009,186,Yes,registered,available,available,available,2,2,2023-12-09
trileptn.com,41.0 K,255,2022,10,-,registered,available,available,available,1,0,2023-12-09
BitcoinEraOnline.com,5.4 K,255,2020,18,-,registered,available,available,available,1,0,2023-12-09
customessay-s.com,4.4 K,255,2014,80,-,registered,available,available,available,1,0,2023-12-09
BonPrixShop.eu,1.8 K,254,2009,1009,-,registered,registered,available,registered,0,4,2023-12-09
oishi-moe.com,584,254,2008,61,-,registered,available,available,available,1,0,2023-12-09
WorldTravelDestinationGuide.com,763,254,2012,162,-,registered,available,available,available,1,0,2023-12-09
masteroflols.com,534,253,2010,242,-,registered,available,available,available,1,0,2023-12-09
buycialishowla.com,2.5 K,250,2019,43,-,registered,available,available,available,1,0,2023-12-09
alminbr-al3elmy.com,1.3 K,249,2008,92,-,registered,available,available,available,1,0,2023-12-09
borlandtalk.com,675,249,2006,153,-,registered,available,available,available,1,0,2023-12-09
buvohely.info,95,248,2012,79,-,registered,available,available,available,5,16,2023-12-09
AboutArticles.com.au,627,246,2011,199,-,registered,available,registered,available,3,6,2023-12-09
Need-Help.org,646,245,2001,194,-,registered,available,registered,registered,18,18,2023-12-09
ssl-danholt.de,912,244,2008,73,-,available,available,available,registered,1,0,2023-12-09
Seo24By7.com,598,243,2010,182,-,registered,available,available,available,1,0,2023-12-09
shattalarab.net,730,242,2010,70,-,available,registered,registered,available,2,7,2023-12-09
MyTravelCash.com,680,242,2002,350,-,registered,available,available,available,1,1,2023-12-09
Health-Insurance-Get-Insurance...com,549,242,2003,372,-,registered,available,available,available,1,0,2023-12-09
2020Mobile.se,569,241,2009,123,-,registered,registered,available,registered,0,17,2023-12-09
WhopperInvestments.com,2.1 K,241,2011,172,-,registered,available,available,available,1,0,2023-12-09
scribus-forum.de,798,241,2006,337,Yes,available,available,available,registered,1,0,2023-12-09
Public-Domain-Photos.org,1.7 K,240,2011,286,-,registered,available,registered,available,3,2,2023-12-09
froobi.com,791,240,2007,413,-,registered,available,available,available,1,7,2023-12-09
nagaguturisu.com,1.1 K,239,2011,292,-,registered,available,available,available,1,0,2023-12-09
criarsitessgratis.com,524,238,2012,64,-,registered,available,available,available,1,0,2023-12-09
Forum-PrestaShop.com,603,238,2011,213,-,registered,available,available,available,1,0,2023-12-09
LinkExchangeSystems.com,716,238,2008,212,-,registered,available,available,available,1,0,2023-12-09
BoostHealthClub.com,875,237,2012,55,-,registered,available,available,available,1,0,2023-12-09
infocitragran.com,718,237,2012,160,-,registered,available,available,available,1,0,2023-12-09
TupperwareIndonesiaPromo.com,560,237,2010,162,-,registered,available,available,available,1,0,2023-12-09
sexel3arab.com,569,237,2011,143,-,registered,available,available,available,1,0,2023-12-09
bomool.net,8.0 K,237,2003,82,-,registered,registered,available,available,3,13,2023-12-09
temasblogspot.com,653,237,2009,102,-,registered,available,available,available,1,0,2023-12-09
ZineFashionStore.com,539,237,2006,451,-,registered,available,available,available,1,0,2023-12-09
tribapp.com,570,236,2012,237,-,registered,available,available,available,1,2,2023-12-09
Pack736.com,114,236,2002,52,-,registered,available,available,available,1,2,2023-12-09
sutcn.net,1.2 K,236,2001,146,-,registered,registered,available,available,2,3,2023-12-09
pgautopro.com,1.3 K,236,2010,213,-,registered,available,available,available,1,0,2023-12-09
VeryMall.cn,609,234,2007,138,-,registered,available,available,available,6,13,2023-12-09
lunartists.at,773,234,2012,98,-,available,available,available,available,1,0,2023-12-09
prachatalk.com,1.2 K,234,2010,290,-,registered,available,available,available,1,0,2023-12-09
SiteWebDirectory.com,556,234,2008,121,-,registered,available,available,available,1,0,2023-12-09
Black-Asses-And-Elbows.com,3.5 K,234,1999,339,-,registered,available,available,available,1,0,2023-12-09
bosnacitat.com,626,233,2010,85,-,registered,available,available,available,1,0,2023-12-09
TheOneWorldInitiative.com,585,233,2011,44,-,registered,available,available,available,1,0,2023-12-09
YouBookmarks.com,1.0 K,233,2007,362,-,registered,available,available,available,1,0,2023-12-09
viagraonline-pharmacyrx.com,10.2 K,232,2016,59,-,registered,available,available,available,1,0,2023-12-09
hostv.pl,957,232,2009,43,-,registered,registered,registered,registered,17,465,2023-12-09
Young-Teen-Models.net,1.6 K,232,2007,539,-,available,registered,available,registered,2,0,2023-12-09
AndroidLounge.at,577,231,2010,92,-,registered,registered,available,available,3,4,2023-12-09
puppyer.com,612,231,2011,43,-,registered,available,available,available,1,3,2023-12-09
ventro.org,573,231,2006,108,-,registered,registered,registered,registered,26,172,2023-12-09
StreamDirect.tv,535,231,2009,129,-,registered,registered,available,registered,14,36,2023-12-09
seobbsr.com,963,231,2007,239,-,registered,available,available,available,1,0,2023-12-09
MiniOfficeOutlets.com,4.9 K,231,2005,139,-,registered,available,available,available,1,0,2023-12-09
deallx.at,550,230,2011,166,-,registered,available,available,registered,5,3,2023-12-09
mein-sonnenschein.at,1.3 K,230,2010,177,-,available,available,registered,registered,6,2,2023-12-09
SimpleSoft.it,698,230,2001,162,-,registered,registered,registered,registered,56,107,2023-12-09
televisionpe.com,540,230,2009,230,-,registered,available,available,available,1,8,2023-12-09
nutricityonline.com,486,230,2002,113,-,registered,available,available,available,1,0,2023-12-09
GodOfHumor.com,35.9 K,230,2006,353,-,registered,available,available,available,1,0,2023-12-09
Outlet-Avenue.fr,562,229,2011,198,-,registered,available,available,available,4,0,2023-12-09
DirectGlobalMedia.com,548,229,2003,147,-,registered,available,available,available,1,0,2023-12-09
